"Métrica","Definición","Fórmula","Fuente de Datos","Responsable","Granularidad","Ventana de Tiempo","Modelo de Servicio","Ejemplo de Cálculo"
"Costo Total de Propiedad (TCO)","Costo total asociado a la implementación y operación de una solución cloud","TCO = Costos Directos + Costos Indirectos","Facturas de AWS/Azure/GCP, Herramientas de monitoreo de costos","Finanzas / Arquitectura de Datos","Mensual","Anual","IaaS, PaaS, SaaS","$12,000/año para 10 instancias EC2"
"Rendimiento de Procesamiento (Queries/seg)","Número de consultas ejecutadas por segundo en un servicio de base de datos","Queries/seg = Número total de consultas / Tiempo en segundos","Logs de AWS Redshift, Azure SQL Database","Arquitectura de Datos / DevOps","Por segundo","Diaria","PaaS","150 queries/seg en Redshift"
"Latencia de Consulta","Tiempo promedio que tarda una consulta en ejecutarse","Latencia = Σ(Tiempo de ejecución de consultas) / Número de consultas","Logs de AWS Redshift, Azure SQL Database","Arquitectura de Datos","Por consulta","Diaria","PaaS","120 ms por consulta en Redshift"
"Costo por Query","Costo promedio asociado a la ejecución de cada consulta","Costo por Query = Costo total del servicio / Número total de consultas","Facturas de AWS/Azure/GCP, Logs de queries","Finanzas / Arquitectura de Datos","Por consulta","Mensual","PaaS","$0.0005 por query en Redshift"
"Disponibilidad del Servicio","Porcentaje de tiempo que el servicio está disponible","Disponibilidad = (Tiempo total - Tiempo de inactividad) / Tiempo total * 100","Herramientas de monitoreo (CloudWatch, Azure Monitor)","DevOps","Por servicio","Mensual","IaaS, PaaS, SaaS","99.95% de disponibilidad en Azure SQL Database"
"Escalabilidad Horizontal","Capacidad de aumentar recursos agregando más nodos","Número máximo de nodos soportados sin degradación","Documentación técnica del proveedor, Pruebas de carga","Arquitectura de Datos","Por clúster","Trimestral","PaaS, IaaS","Añadir 5 nodos adicionales en Redshift"
"Costo de Almacenamiento por GB","Costo asociado al almacenamiento de datos por cada GB","Costo por GB = Costo total de almacenamiento / Capacidad almacenada","Facturas de AWS/Azure/GCP","Finanzas","Por GB","Mensual","IaaS, PaaS, SaaS","$0.023/GB en Azure Blob Storage"
"Tiempo de Respuesta API","Tiempo promedio que tarda una API en responder a una solicitud","Tiempo de Respuesta = Σ(Tiempo de respuesta de solicitudes) / Número de solicitudes","Logs de API Gateway, Application Insights","Desarrollo / DevOps","Por solicitud","Diaria","PaaS, SaaS","250 ms por solicitud en API Gateway"
"Costo de Transferencia de Datos","Costo asociado a la transferencia de datos entre servicios cloud","Costo = Datos transferidos (GB) * Tarifa por GB","Facturas de AWS/Azure/GCP","Finanzas","Por GB","Mensual","IaaS, PaaS, SaaS","$0.01/GB entre regiones en AWS"
"Uso de CPU","Porcentaje de uso de CPU en instancias cloud","Uso de CPU = (Tiempo de CPU usado / Tiempo total) * 100","CloudWatch, Azure Monitor","DevOps","Por instancia","Diaria","IaaS, PaaS","75% de uso en instancias EC2"
"Consistencia de Datos","Porcentaje de registros consistentes en réplicas de bases de datos","Consistencia = (Número de registros consistentes / Número total de registros) * 100","Logs de replicación, Herramientas de monitoreo","Arquitectura de Datos","Por réplica","Diaria","PaaS","99.9% de consistencia en Azure SQL Database"
"Tiempo de Implementación","Tiempo requerido para implementar una solución cloud","Tiempo = Fecha de finalización - Fecha de inicio","Herramientas de gestión de proyectos (Jira, Azure DevOps)","Proyectos","Por implementación","Por proyecto","IaaS, PaaS, SaaS","15 días para implementar Redshift"