metrica,definicion,formula,unidad_de_medida,frecuencia_de_medicion,fuente_de_datos,responsable,umbral_aceptable,notas
"Costo total de almacenamiento","Costo mensual asociado al almacenamiento de datos en la nube","Suma(costo_por_tipo_almacenamiento * capacidad_utilizada)","USD/mes","Mensual","AWS Cost Explorer / Azure Cost Management","Finanzas","< 10% del presupuesto asignado","Incluye almacenamiento estándar, frío y archivos."
"Tiempo de procesamiento de jobs","Tiempo promedio para completar un job de procesamiento de datos","Promedio(tiempo_finalizacion - tiempo_inicio)","Minutos","Por job","AWS CloudWatch / Azure Monitor","Ingeniería de Datos","< 30 minutos","Excluye jobs fallidos."
"Disponibilidad del servicio","Porcentaje de tiempo que el servicio está disponible","(Tiempo_total - Tiempo_inactividad) / Tiempo_total * 100","%","Mensual","AWS Health Dashboard / Azure Service Health","Operaciones","99.9%","Incluye todos los servicios críticos (Redshift, Glue, Blob Storage)."
"Costo por consulta","Costo promedio de ejecutar una consulta en la base de datos","Costo_total_consultas / Numero_consultas","USD/consulta","Semanal","Google BigQuery / AWS Redshift Query Monitoring","Analista de Datos","< 0.05 USD","Optimizar consultas para reducir costos."
"Escalabilidad automática","Capacidad del servicio para escalar automáticamente bajo demanda","(Capacidad_maxima - Capacidad_inicial) / Capacidad_inicial * 100","%","Por evento","AWS Auto Scaling / Azure Monitor","Ingeniería de Datos","100%","Verificar límites de escalado automático."
"Latencia de consulta","Tiempo promedio de respuesta para consultas en la base de datos","Promedio(tiempo_respuesta_consulta)","Milisegundos","Diaria","AWS Redshift Performance Insights / Google BigQuery","Analista de Datos","< 1000 ms","Objetivo: consultas analíticas complejas."
"Uso de almacenamiento","Porcentaje de almacenamiento utilizado vs. capacidad contratada","(Almacenamiento_utilizado / Capacidad_contratada) * 100","%","Semanal","AWS S3 Storage Lens / Azure Storage Explorer","Operaciones","< 80%","Monitorear para evitar saturación."
"Número de usuarios activos","Cantidad de usuarios únicos que acceden al tablero de BI","COUNT(DISTINCT id_usuario)","Usuarios","Mensual","Google Looker Studio / Tableau Server","Negocio","N/A","Indicador de adopción del tablero."
"Frecuencia de actualización de datos","Tiempo entre actualizaciones de datos en el tablero","Promedio(tiempo_actualizacion_actual - tiempo_actualizacion_anterior)","Horas","Semanal","Google Looker Studio / AWS Glue","Ingeniería de Datos","< 24 horas","Ideal: actualización en tiempo real."
"Costo por GB almacenado","Costo promedio por GB almacenado en la nube","Costo_total_almacenamiento / Almacenamiento_utilizado","USD/GB/mes","Mensual","AWS Pricing Calculator / Azure Pricing Calculator","Finanzas","< 0.02 USD/GB","Comparar con alternativas de almacenamiento."
"Tasa de éxito de jobs","Porcentaje de jobs de procesamiento que se completan exitosamente","(Numero_jobs_exitosos / Numero_jobs_totales) * 100","%","Semanal","AWS Glue / Azure Databricks","Ingeniería de Datos","95%","Investigar fallos recurrentes."
"Consumo de CPU","Porcentaje promedio de CPU utilizada en clústeres de procesamiento","Promedio(uso_cpu) * 100","%","Diaria","AWS CloudWatch / Azure Monitor","Ingeniería de Datos","< 70%","Optimizar jobs para reducir uso de CPU."
"Tiempo de carga del dashboard","Tiempo promedio para cargar el tablero de BI","Promedio(tiempo_carga)","Segundos","Diaria","Google Looker Studio / Tableau Performance Recorder","Analista de Datos","< 5 segundos","Optimizar consultas subyacentes."
"Número de incidentes de seguridad","Cantidad de incidentes de seguridad reportados","COUNT(incidentes)","Incidentes","Mensual","AWS Security Hub / Azure Security Center","Seguridad","0","Incluye accesos no autorizados y fugas de datos."
"Costo total de procesamiento","Costo mensual asociado al procesamiento de datos","Suma(costo_por_job * numero_jobs)","USD/mes","Mensual","AWS Cost Explorer / Azure Cost Management","Finanzas","< 15% del presupuesto asignado","Incluye costos de Glue, Databricks, etc."
"Tasa de compresión de datos","Reducción de tamaño lograda mediante compresión","(Tamaño_original - Tamaño_comprimido) / Tamaño_original * 100","%","Por dataset","AWS S3 / Azure Blob Storage","Ingeniería de Datos","> 50%","Usar formatos columnares (Parquet)."
"Número de fuentes de datos integradas","Cantidad de fuentes de datos distintas conectadas a la arquitectura","COUNT(fuentes)","Fuentes","Mensual","AWS Glue Data Catalog / Azure Data Factory","Ingeniería de Datos","N/A","Monitorear diversidad de fuentes."
"Tiempo de respuesta a incidentes","Tiempo promedio para resolver incidentes","Promedio(tiempo_resolucion - tiempo_reportado)","Horas","Mensual","Jira / ServiceNow","Operaciones","< 4 horas","Incluye todos los tipos de incidentes."